{"nm":"Happy face","ddd":0,"h":300,"w":279,"meta":{"g":"LottieFiles Figma v62"},"layers":[{"ty":4,"nm":"Ellipse 2","sr":1,"st":0,"op":163,"ip":0,"hd":false,"ddd":0,"bm":0,"hasMask":false,"ao":0,"ks":{"a":{"a":1,"k":[{"o":{"x":0.33,"y":1},"i":{"x":0.68,"y":1},"s":[43.5,44.5],"t":0},{"o":{"x":0.33,"y":1},"i":{"x":0.68,"y":1},"s":[27.09,44.5],"t":18},{"o":{"x":0.33,"y":1},"i":{"x":0.68,"y":1},"s":[43.5,44.5],"t":36},{"o":{"x":0.33,"y":1},"i":{"x":0.68,"y":1},"s":[43.5,27.71],"t":54},{"o":{"x":0.33,"y":1},"i":{"x":0.68,"y":1},"s":[43.5,44.5],"t":72},{"o":{"x":0.33,"y":1},"i":{"x":0.68,"y":1},"s":[27.09,44.5],"t":90},{"o":{"x":0.33,"y":1},"i":{"x":0.68,"y":1},"s":[43.5,44.5],"t":108},{"o":{"x":0.33,"y":1},"i":{"x":0.68,"y":1},"s":[43.5,27.71],"t":126},{"o":{"x":0.33,"y":1},"i":{"x":0.68,"y":1},"s":[43.5,44.5],"t":144},{"s":[43.5,44.5],"t":162}]},"s":{"a":1,"k":[{"o":{"x":0.33,"y":1},"i":{"x":0.68,"y":1},"s":[100,100],"t":0},{"o":{"x":0.33,"y":1},"i":{"x":0.68,"y":1},"s":[100,100],"t":18},{"o":{"x":0.33,"y":1},"i":{"x":0.68,"y":1},"s":[100,100],"t":36},{"o":{"x":0.33,"y":1},"i":{"x":0.68,"y":1},"s":[100,100],"t":54},{"o":{"x":0.33,"y":1},"i":{"x":0.68,"y":1},"s":[100,100],"t":72},{"o":{"x":0.33,"y":1},"i":{"x":0.68,"y":1},"s":[100,100],"t":90},{"o":{"x":0.33,"y":1},"i":{"x":0.68,"y":1},"s":[100,100],"t":108},{"o":{"x":0.33,"y":1},"i":{"x":0.68,"y":1},"s":[100,100],"t":126},{"o":{"x":0.33,"y":1},"i":{"x":0.68,"y":1},"s":[100,100],"t":144},{"s":[100,100],"t":162}]},"sk":{"a":0,"k":0},"p":{"a":1,"k":[{"o":{"x":0.33,"y":1},"i":{"x":0.68,"y":1},"s":[139.5,149.5],"t":0},{"o":{"x":0.33,"y":1},"i":{"x":0.68,"y":1},"s":[138.09,149.5],"t":18},{"o":{"x":0.33,"y":1},"i":{"x":0.68,"y":1},"s":[139.5,149.5],"t":36},{"o":{"x":0.33,"y":1},"i":{"x":0.68,"y":1},"s":[139.5,132.71],"t":54},{"o":{"x":0.33,"y":1},"i":{"x":0.68,"y":1},"s":[139.5,149.5],"t":72},{"o":{"x":0.33,"y":1},"i":{"x":0.68,"y":1},"s":[155.91,149.5],"t":90},{"o":{"x":0.33,"y":1},"i":{"x":0.68,"y":1},"s":[139.5,149.5],"t":108},{"o":{"x":0.33,"y":1},"i":{"x":0.68,"y":1},"s":[139.5,166.29],"t":126},{"o":{"x":0.33,"y":1},"i":{"x":0.68,"y":1},"s":[139.5,149.5],"t":144},{"s":[139.5,149.5],"t":162}]},"r":{"a":1,"k":[{"o":{"x":0.33,"y":1},"i":{"x":0.68,"y":1},"s":[0],"t":0},{"o":{"x":0.33,"y":1},"i":{"x":0.68,"y":1},"s":[0],"t":18},{"o":{"x":0.33,"y":1},"i":{"x":0.68,"y":1},"s":[0],"t":36},{"o":{"x":0.33,"y":1},"i":{"x":0.68,"y":1},"s":[0],"t":54},{"o":{"x":0.33,"y":1},"i":{"x":0.68,"y":1},"s":[0],"t":72},{"o":{"x":0.33,"y":1},"i":{"x":0.68,"y":1},"s":[0],"t":90},{"o":{"x":0.33,"y":1},"i":{"x":0.68,"y":1},"s":[0],"t":108},{"o":{"x":0.33,"y":1},"i":{"x":0.68,"y":1},"s":[0],"t":126},{"o":{"x":0.33,"y":1},"i":{"x":0.68,"y":1},"s":[0],"t":144},{"s":[0],"t":162}]},"sa":{"a":0,"k":0},"o":{"a":1,"k":[{"o":{"x":0.33,"y":1},"i":{"x":0.68,"y":1},"s":[100],"t":0},{"o":{"x":0.33,"y":1},"i":{"x":0.68,"y":1},"s":[100],"t":18},{"o":{"x":0.33,"y":1},"i":{"x":0.68,"y":1},"s":[100],"t":36},{"o":{"x":0.33,"y":1},"i":{"x":0.68,"y":1},"s":[100],"t":54},{"o":{"x":0.33,"y":1},"i":{"x":0.68,"y":1},"s":[100],"t":72},{"o":{"x":0.33,"y":1},"i":{"x":0.68,"y":1},"s":[100],"t":90},{"o":{"x":0.33,"y":1},"i":{"x":0.68,"y":1},"s":[100],"t":108},{"o":{"x":0.33,"y":1},"i":{"x":0.68,"y":1},"s":[100],"t":126},{"o":{"x":0.33,"y":1},"i":{"x":0.68,"y":1},"s":[100],"t":144},{"s":[100],"t":162}]}},"shapes":[{"ty":"sh","bm":0,"hd":false,"nm":"","d":1,"ks":{"a":1,"k":[{"o":{"x":0.33,"y":1},"i":{"x":0.68,"y":1},"s":[{"c":true,"i":[[0,0],[24.02,0],[0,24.58],[-24.02,0],[0,-24.58]],"o":[[0,24.58],[-24.02,0],[0,-24.58],[24.02,0],[0,0]],"v":[[87,44.5],[43.5,89],[0,44.5],[43.5,0],[87,44.5]]}],"t":0},{"o":{"x":0.33,"y":1},"i":{"x":0.68,"y":1},"s":[{"c":true,"i":[[0,0],[24.02,0],[0,24.58],[-24.02,0],[0,-24.58]],"o":[[0,24.58],[-24.02,0],[0,-24.58],[24.02,0],[0,0]],"v":[[43.5,44.5],[43.5,89],[0,44.5],[43.5,0],[43.5,44.5]]}],"t":18},{"o":{"x":0.33,"y":1},"i":{"x":0.68,"y":1},"s":[{"c":true,"i":[[0,0],[24.02,0],[0,24.58],[-24.02,0],[0,-24.58]],"o":[[0,24.58],[-24.02,0],[0,-24.58],[24.02,0],[0,0]],"v":[[87,44.5],[43.5,89],[0,44.5],[43.5,0],[87,44.5]]}],"t":36},{"o":{"x":0.33,"y":1},"i":{"x":0.68,"y":1},"s":[{"c":true,"i":[[0,0],[24.02,0],[0,24.58],[-24.02,0],[0,-24.58]],"o":[[0,24.58],[-24.02,0],[0,-24.58],[24.02,0],[0,0]],"v":[[87,44.5],[43.5,44.5],[0,44.5],[43.5,0],[87,44.5]]}],"t":54},{"o":{"x":0.33,"y":1},"i":{"x":0.68,"y":1},"s":[{"c":true,"i":[[0,0],[24.02,0],[0,24.58],[-24.02,0],[0,-24.58]],"o":[[0,24.58],[-24.02,0],[0,-24.58],[24.02,0],[0,0]],"v":[[87,44.5],[43.5,89],[0,44.5],[43.5,0],[87,44.5]]}],"t":72},{"o":{"x":0.33,"y":1},"i":{"x":0.68,"y":1},"s":[{"c":true,"i":[[0,0],[24.02,0],[0,24.58],[-24.02,0],[0,-24.58]],"o":[[0,24.58],[-24.02,0],[0,-24.58],[24.02,0],[0,0]],"v":[[54.18,44.5],[10.68,89],[10.68,44.5],[10.68,0],[54.18,44.5]]}],"t":90},{"o":{"x":0.33,"y":1},"i":{"x":0.68,"y":1},"s":[{"c":true,"i":[[0,0],[24.02,0],[0,24.58],[-24.02,0],[0,-24.58]],"o":[[0,24.58],[-24.02,0],[0,-24.58],[24.02,0],[0,0]],"v":[[87,44.5],[43.5,89],[0,44.5],[43.5,0],[87,44.5]]}],"t":108},{"o":{"x":0.33,"y":1},"i":{"x":0.68,"y":1},"s":[{"c":true,"i":[[0,0],[24.02,0],[0,24.58],[-24.02,0],[0,-24.58]],"o":[[0,24.58],[-24.02,0],[0,-24.58],[24.02,0],[0,0]],"v":[[87,10.92],[43.5,55.42],[0,10.92],[43.5,10.92],[87,10.92]]}],"t":126},{"o":{"x":0.33,"y":1},"i":{"x":0.68,"y":1},"s":[{"c":true,"i":[[0,0],[24.02,0],[0,24.58],[-24.02,0],[0,-24.58]],"o":[[0,24.58],[-24.02,0],[0,-24.58],[24.02,0],[0,0]],"v":[[87,44.5],[43.5,89],[0,44.5],[43.5,0],[87,44.5]]}],"t":144},{"s":[{"c":true,"i":[[0,0],[24.02,0],[0,24.58],[-24.02,0],[0,-24.58]],"o":[[0,24.58],[-24.02,0],[0,-24.58],[24.02,0],[0,0]],"v":[[87,44.5],[43.5,89],[0,44.5],[43.5,0],[87,44.5]]}],"t":162}]}},{"ty":"fl","bm":0,"hd":false,"nm":"","c":{"a":1,"k":[{"o":{"x":0.33,"y":1},"i":{"x":0.68,"y":1},"s":[0,0,0,1],"t":0},{"o":{"x":0.33,"y":1},"i":{"x":0.68,"y":1},"s":[0.0448,0.9952,0.0765,1],"t":18},{"o":{"x":0.33,"y":1},"i":{"x":0.68,"y":1},"s":[0.1701,0.9699,0.1968,1],"t":36},{"o":{"x":0.33,"y":1},"i":{"x":0.68,"y":1},"s":[0.3137,0.7569,0.3294,1],"t":54},{"o":{"x":0.33,"y":1},"i":{"x":0.68,"y":1},"s":[0.3167,0.1701,0.9699,1],"t":72},{"o":{"x":0.33,"y":1},"i":{"x":0.68,"y":1},"s":[0.1451,0,0.7686,1],"t":90},{"o":{"x":0.33,"y":1},"i":{"x":0.68,"y":1},"s":[0.3167,0.1701,0.9699,1],"t":108},{"o":{"x":0.33,"y":1},"i":{"x":0.68,"y":1},"s":[0.2392,0.2824,0.3255,1],"t":126},{"o":{"x":0.33,"y":1},"i":{"x":0.68,"y":1},"s":[0,0.4,0,1],"t":144},{"s":[0,0,0,1],"t":162}]},"r":1,"o":{"a":1,"k":[{"o":{"x":0.33,"y":1},"i":{"x":0.68,"y":1},"s":[100],"t":0},{"o":{"x":0.33,"y":1},"i":{"x":0.68,"y":1},"s":[100],"t":18},{"o":{"x":0.33,"y":1},"i":{"x":0.68,"y":1},"s":[100],"t":36},{"o":{"x":0.33,"y":1},"i":{"x":0.68,"y":1},"s":[100],"t":54},{"o":{"x":0.33,"y":1},"i":{"x":0.68,"y":1},"s":[100],"t":72},{"o":{"x":0.33,"y":1},"i":{"x":0.68,"y":1},"s":[100],"t":90},{"o":{"x":0.33,"y":1},"i":{"x":0.68,"y":1},"s":[100],"t":108},{"o":{"x":0.33,"y":1},"i":{"x":0.68,"y":1},"s":[100],"t":126},{"o":{"x":0.33,"y":1},"i":{"x":0.68,"y":1},"s":[100],"t":144},{"s":[100],"t":162}]}}],"ind":1}],"v":"5.7.0","fr":60,"op":162,"ip":0,"assets":[]}